<?xml version="1.0" ?>
<doc>
  <assembly>
    <name>Krystalware.SlickUpload</name>
  </assembly>
  <members>
    <member name="N:Krystalware.SlickUpload">
      <summary>The Krystalware.SlickUpload namespace supplies classes and interfaces that are used for interacting with SlickUpload functionality server side.</summary>
    </member>
    <member name="N:Krystalware.SlickUpload.Configuration">
      <summary>The Krystalware.SlickUpload.Configuration namespace contains classes that are used to set up SlickUpload configuration.</summary>
    </member>
    <member name="N:Krystalware.SlickUpload.Storage">
      <summary>The Krystalware.SlickUpload.Storage namespace supplies <see cref="IUploadStreamProvider" /> classes that create streams to various sources, such as files, SQL Server, memory, etc.</summary>
    </member>
    <member name="N:Krystalware.SlickUpload.Storage.Streams">
      <summary>The Krystalware.SlickUpload.Storage.Streams namespace provides <see cref="Stream" /> classes that read or write from various sources, such as SQL Server, Oracle, etc.</summary>
    </member>
    <member name="N:Krystalware.SlickUpload.Web">
      <summary>The Krystalware.SlickUpload.Web namespace contains SlickUpload browser/server communication, upload handling and parsing, etc.</summary>
    </member>
    <member name="N:Krystalware.SlickUpload.Web.Controls">
      <summary>The Krystalware.SlickUpload.Web.Controls namespace provides ASP.NET WebForms server controls that encapsulate client rendering and interaction with SlickUpload.</summary>
    </member>
    <member name="N:Krystalware.SlickUpload.Web.Controls.Design">
      <summary>The Krystalware.SlickUpload.Web.Controls.Design namespace contains design time support for the SlickUpload WebForms controls.</summary>
    </member>
    <member name="N:Krystalware.SlickUpload.Web.Handlers">
      <summary>The Krystalware.SlickUpload.Handlers namespace contains internal SlickUpload <see cref="IHttpHandler" />s.</summary>
    </member>
    <member name="N:Krystalware.SlickUpload.Web.Mvc">
      <summary>The Krystalware.SlickUpload.Web.Mvc namespace provides ASP.NET MVC helpers that encapsulate client rendering and interaction with SlickUpload for the WebForms and Razor view engines.</summary>
    </member>
    <member name="N:Krystalware.SlickUpload.Web.SessionStorage">
      <summary>The Krystalware.SlickUpload.Configuration namespace contains classes that are used to set up SlickUpload configuration.</summary>
    </member>
  </members>
</doc>