﻿<?xml version="1.0" encoding="utf-8"?>
<publishData>
  <publishProfile publishUrl="F:\Slickupload" deleteExistingFiles="True" ftpAnonymousLogin="False" ftpPassiveMode="True" msdeploySite="" msdeploySiteID="" msdeployRemoteSitePhysicalPath="" msdeployAllowUntrustedCertificate="False" msdeploySkipExtraFilesOnServer="True" msdeployMarkAsApp="False" profileName="Profile1" publishMethod="FileSystem" replaceMatchingFiles="False" userName="" savePWD="False" userPWD="" SelectedForPublish="True">
    <file relUrl="Scaffold/Samples/Common/Content/iepngfix/iepngfix_tilebg.js" publishTime="11/14/2011 12:10:16" />
    <file relUrl="App_Code/SampleHelper.cshtml" publishTime="11/14/2011 12:10:17" />
    <file relUrl="Scaffold/Quickstart/Mvc2/Global.asax.cs" publishTime="11/14/2011 12:10:17" />
    <file relUrl="Scaffold/Samples/Common/Content/krystalware_small.png" publishTime="11/14/2011 12:10:16" />
    <file relUrl="Scaffold/Samples/MvcCommon/Models/ValidationModel.cs" publishTime="11/14/2011 12:10:16" />
    <file relUrl="Views/Quickstart/Generic/Designer.cshtml" publishTime="11/14/2011 12:10:18" />
    <file relUrl="Views/Quickstart/Generic/Codebehind.cshtml" publishTime="11/14/2011 12:10:18" />
    <file relUrl="Views/Samples/Multiple/UploadResult.cshtml" publishTime="11/14/2011 12:10:17" />
    <file relUrl="Scaffold/Quickstart/Mvc2/Views/Web.config" publishTime="11/14/2011 12:10:17" />
    <file relUrl="Scaffold/Samples/WebForms/Storage/DownloadFileHandler.vb" publishTime="11/14/2011 12:10:16" />
    <file relUrl="Scaffold/Samples/MvcCommon/Global.asax" publishTime="11/14/2011 12:10:16" />
    <file relUrl="Views/Samples/ClientApi/Codebehind.cshtml" publishTime="11/14/2011 12:10:17" />
    <file relUrl="Scaffold/Samples/WebForms/Storage/CustomDownloadFileHandler.cs" publishTime="11/14/2011 12:10:16" />
    <file relUrl="Views/Generic/_ViewEngineSelector.cshtml" publishTime="11/14/2011 12:10:18" />
    <file relUrl="Scaffold/Samples/Common/Storage/CustomFileNameUploadStreamProvider.vb" publishTime="01/17/2012 14:51:16" />
    <file relUrl="Views/Samples/Layout.cshtml" publishTime="11/14/2011 12:10:17" />
    <file relUrl="Scaffold/Samples/Common/Storage/SqlFileRepository.cs" publishTime="11/14/2011 12:10:16" />
    <file relUrl="Scaffold/Samples/MvcCommon/Models/SqlServerModel.vb" publishTime="11/14/2011 12:10:16" />
    <file relUrl="Views/Samples/Generic/_Index.cshtml" publishTime="11/14/2011 12:10:17" />
    <file relUrl="Web.config" publishTime="08/09/2012 13:39:34" />
    <file relUrl="Scaffold/Samples/Common/Properties/AssemblyInfo.cs" publishTime="11/14/2011 12:10:16" />
    <file relUrl="Views/Quickstart/WebConfig.cshtml" publishTime="11/14/2011 12:10:18" />
    <file relUrl="Views/Samples/Slick/Codebehind.cshtml" publishTime="11/14/2011 12:10:17" />
    <file relUrl="Scaffold/Samples/Common/Storage/SqlFile.vb" publishTime="11/14/2011 12:10:16" />
    <file relUrl="Scaffold/Samples/Common/Content/Site.css" publishTime="11/14/2011 12:10:16" />
    <file relUrl="Scaffold/Samples/WebForms/CustomSqlServer/DownloadFile.ashx" publishTime="11/14/2011 12:10:16" />
    <file relUrl="Scaffold/Samples/Common/Content/iepngfix/iepngfix.htc" publishTime="11/14/2011 12:10:16" />
    <file relUrl="Views/Generic/_CodebehindLanguageSelector.cshtml" publishTime="11/14/2011 12:10:18" />
    <file relUrl="Scaffold/Samples/Common/Storage/CustomSqlUploadStreamProvider.cs" publishTime="11/14/2011 12:10:16" />
    <file relUrl="Scaffold/Samples/MvcCommon/Models/SqlServerModel.cs" publishTime="11/14/2011 12:10:16" />
    <file relUrl="Views/Samples/S3/Index.cshtml" publishTime="11/14/2011 12:10:17" />
    <file relUrl="Global.asax" publishTime="11/14/2011 12:10:18" />
    <file relUrl="Scaffold/Samples/Mvc1/Global.asax.cs" publishTime="11/14/2011 12:10:16" />
    <file relUrl="Views/Home/Generate.cshtml" publishTime="11/14/2011 12:10:17" />
    <file relUrl="Scaffold/Quickstart/Mvc3/Global.asax.vb" publishTime="11/14/2011 12:10:17" />
    <file relUrl="Scaffold/Samples/Mvc2/Views/Web.config" publishTime="11/14/2011 12:10:16" />
    <file relUrl="Scaffold/Quickstart/Mvc3/Global.asax.cs" publishTime="11/14/2011 12:10:17" />
    <file relUrl="Scaffold/Quickstart/Mvc1/Global.asax.cs" publishTime="11/14/2011 12:10:17" />
    <file relUrl="Scaffold/Samples/Common/Storage/ZipUploadStreamProvider.vb" publishTime="01/17/2012 14:51:16" />
    <file relUrl="Views/Samples/Multiple/Designer.cshtml" publishTime="11/14/2011 12:10:17" />
    <file relUrl="Scaffold/Samples/MvcCommon/Models/CustomSqlServerModel.cs" publishTime="11/14/2011 12:10:16" />
    <file relUrl="Views/_ViewStart.cshtml" publishTime="11/14/2011 12:10:18" />
    <file relUrl="Views/Samples/Slick/Index.cshtml" publishTime="01/17/2012 14:51:16" />
    <file relUrl="Scaffold/Samples/Common/Content/ajax-loader.gif" publishTime="11/14/2011 12:10:16" />
    <file relUrl="Views/Samples/ClientApi/Index.cshtml" publishTime="11/14/2011 12:10:17" />
    <file relUrl="Views/Samples/Generic/_Codebehind.cshtml" publishTime="11/14/2011 12:10:17" />
    <file relUrl="Scaffold/Samples/Common/Content/button-icons.png" publishTime="11/14/2011 12:10:16" />
    <file relUrl="Scaffold/Samples/Common/Storage/ZipUploadStreamProvider.cs" publishTime="01/17/2012 14:51:16" />
    <file relUrl="Views/Samples/SqlServer/Designer.cshtml" publishTime="11/14/2011 12:10:17" />
    <file relUrl="Scaffold/Samples/Mvc3/Global.asax.vb" publishTime="11/14/2011 12:10:16" />
    <file relUrl="Views/Samples/Validation/Codebehind.cshtml" publishTime="11/14/2011 12:10:17" />
    <file relUrl="Views/Samples/Generic/Codebehind.cshtml" publishTime="11/14/2011 12:10:17" />
    <file relUrl="Views/Samples/Multiple/Index.cshtml" publishTime="11/14/2011 12:10:17" />
    <file relUrl="Views/Samples/WebConfig.cshtml" publishTime="11/14/2011 12:10:17" />
    <file relUrl="Views/Samples/Generic/SlickUpload.cshtml" publishTime="11/14/2011 12:10:17" />
    <file relUrl="Views/Quickstart/Generic/Index.cshtml" publishTime="11/14/2011 12:10:18" />
    <file relUrl="Views/Samples/Generic/Index.cshtml" publishTime="11/14/2011 12:10:17" />
    <file relUrl="Scaffold/Samples/Mvc1/Global.asax.vb" publishTime="11/14/2011 12:10:16" />
    <file relUrl="Scaffold/Samples/WebForms/Storage/DownloadFileHandler.cs" publishTime="11/14/2011 12:10:16" />
    <file relUrl="Scaffold/Samples/Common/Content/file-icon-sprite.png" publishTime="11/14/2011 12:10:16" />
    <file relUrl="Views/Samples/SqlServer/Codebehind.cshtml" publishTime="11/14/2011 12:10:17" />
    <file relUrl="Views/Home/Index.cshtml" publishTime="11/14/2011 12:10:17" />
    <file relUrl="Views/Samples/ClientApi/UploadResult.cshtml" publishTime="11/14/2011 12:10:17" />
    <file relUrl="Scaffold/Samples/Common/Content/iepngfix/blank.gif" publishTime="11/14/2011 12:10:16" />
    <file relUrl="Views/Samples/CustomFileName/Index.cshtml" publishTime="11/14/2011 12:10:17" />
    <file relUrl="Scaffold/Samples/Mvc3/Global.asax.cs" publishTime="11/14/2011 12:10:16" />
    <file relUrl="Views/Quickstart/Project.cshtml" publishTime="11/14/2011 12:10:18" />
    <file relUrl="Views/Samples/Validation/Index.cshtml" publishTime="11/14/2011 12:10:17" />
    <file relUrl="Scaffold/Samples/WebForms/Storage/CustomDownloadFileHandler.vb" publishTime="11/14/2011 12:10:16" />
    <file relUrl="Scaffold/Samples/MvcCommon/Models/CustomSqlServerModel.vb" publishTime="11/14/2011 12:10:16" />
    <file relUrl="Scaffold/Samples/MvcCommon/Models/ValidationModel.vb" publishTime="11/14/2011 12:10:16" />
    <file relUrl="Scaffold/Samples/Common/Storage/CustomFileNameUploadStreamProvider.cs" publishTime="01/17/2012 14:51:16" />
    <file relUrl="Scaffold/Samples/WebForms/Default.aspx" publishTime="11/14/2011 12:10:16" />
    <file relUrl="Scaffold/Samples/Mvc2/Global.asax.vb" publishTime="11/14/2011 12:10:16" />
    <file relUrl="Views/Samples/Validation/UploadResult.cshtml" publishTime="11/14/2011 12:10:17" />
    <file relUrl="Scaffold/Samples/Common/Content/slickupload.css" publishTime="11/14/2011 12:10:16" />
    <file relUrl="Views/Generic/_FullSelector.cshtml" publishTime="11/14/2011 12:10:18" />
    <file relUrl="Views/Generic/Project.cshtml" publishTime="11/14/2011 12:10:18" />
    <file relUrl="Views/Samples/SqlServer/Index.cshtml" publishTime="11/14/2011 12:10:17" />
    <file relUrl="Views/Samples/Validation/Designer.cshtml" publishTime="11/14/2011 12:10:17" />
    <file relUrl="Views/Samples/Generic/_Designer.cshtml" publishTime="11/14/2011 12:10:17" />
    <file relUrl="Views/Generic/WebConfig.cshtml" publishTime="11/14/2011 12:10:18" />
    <file relUrl="Scaffold/Quickstart/Mvc1/Global.asax.vb" publishTime="11/14/2011 12:10:17" />
    <file relUrl="Scaffold/Samples/Mvc2/Global.asax.cs" publishTime="11/14/2011 12:10:16" />
    <file relUrl="Views/Quickstart/Layout.cshtml" publishTime="11/14/2011 12:10:18" />
    <file relUrl="Views/Samples/CustomSqlServer/Codebehind.cshtml" publishTime="11/14/2011 12:10:17" />
    <file relUrl="Views/Samples/Generic/_UploadResult.cshtml" publishTime="11/14/2011 12:10:17" />
    <file relUrl="Views/Shared/_Layout.cshtml" publishTime="11/14/2011 12:10:17" />
    <file relUrl="Scaffold/Samples/Common/Storage/SqlFile.cs" publishTime="11/14/2011 12:10:16" />
    <file relUrl="Views/Samples/Project.cshtml" publishTime="11/14/2011 12:10:17" />
    <file relUrl="Views/Web.config" publishTime="11/14/2011 12:10:18" />
    <file relUrl="Views/Samples/PostProcess/Codebehind.cshtml" publishTime="01/17/2012 14:51:16" />
    <file relUrl="Views/Samples/CustomSqlServer/Index.cshtml" publishTime="11/14/2011 12:10:17" />
    <file relUrl="Scaffold/Quickstart/Mvc2/Global.asax.vb" publishTime="11/14/2011 12:10:17" />
    <file relUrl="Views/Samples/Generic/PageDeclaration.cshtml" publishTime="11/14/2011 12:10:17" />
    <file relUrl="Views/Samples/Generic/UploadResult.cshtml" publishTime="11/14/2011 12:10:17" />
    <file relUrl="Views/Samples/Generic/Designer.cshtml" publishTime="11/14/2011 12:10:17" />
    <file relUrl="bin/SampleGenerator.pdb" publishTime="08/09/2012 13:39:08" />
    <file relUrl="Scaffold/Quickstart/MvcCommon/Global.asax" publishTime="11/14/2011 12:10:17" />
    <file relUrl="Scaffold/Samples/Common/Content/SlickUpload_48x48.png" publishTime="11/14/2011 12:10:16" />
    <file relUrl="Scaffold/Samples/Mvc1/Views/Web.config" publishTime="11/14/2011 12:10:16" />
    <file relUrl="Views/Samples/CustomSqlServer/Designer.cshtml" publishTime="11/14/2011 12:10:17" />
    <file relUrl="bin/SampleGenerator.dll" publishTime="08/09/2012 13:39:08" />
    <file relUrl="Scaffold/Samples/Common/Storage/SqlFileRepository.vb" publishTime="11/14/2011 12:10:16" />
    <file relUrl="Scaffold/Quickstart/Mvc1/Views/Web.config" publishTime="11/14/2011 12:10:16" />
    <file relUrl="Views/Samples/PostProcess/Index.cshtml" publishTime="11/14/2011 12:10:17" />
    <file relUrl="Views/Generic/_LanguageSelector.cshtml" publishTime="11/14/2011 12:10:18" />
    <file relUrl="Scaffold/Quickstart/Mvc3/Views/Web.config" publishTime="11/14/2011 12:10:17" />
    <file relUrl="Scaffold/Samples/MvcCommon/Controllers/HomeController.cs" publishTime="11/14/2011 12:10:16" />
    <file relUrl="Scaffold/Samples/WebForms/SqlServer/DownloadFile.ashx" publishTime="01/17/2012 14:51:16" />
    <file relUrl="Scaffold/Samples/Common/Content/btn.png" publishTime="11/14/2011 12:10:16" />
    <file relUrl="Scaffold/Samples/Common/Storage/CustomSqlUploadStreamProvider.vb" publishTime="11/14/2011 12:10:16" />
    <file relUrl="Scaffold/Samples/MvcCommon/Controllers/HomeController.vb" publishTime="11/14/2011 12:10:16" />
    <file relUrl="Scaffold/Samples/Common/My Project/AssemblyInfo.vb" publishTime="11/14/2011 12:10:16" />
    <file relUrl="Scaffold/Samples/Mvc3/Views/Web.config" publishTime="11/14/2011 12:10:16" />
    <file relUrl="Views/Generic/_CodebehindSelector.cshtml" publishTime="11/14/2011 12:10:18" />
    <file relUrl="Views/Samples/Slick/Designer.cshtml" publishTime="11/14/2011 12:10:17" />
  </publishProfile>
</publishData>